Date,Open,High,Low,Close,Volume,Adj Close,Diff,StockUp,Year,Month,Day
2016-03-14,101.910004,102.910004,101.779999,102.519997,25027400,102.519997,-0.609993,0,2016,3,14
2016-03-11,102.239998,102.279999,101.5,102.260002,27200800,102.260002,-0.020004,0,2016,3,11
2016-03-10,101.410004,102.239998,100.150002,101.169998,33470400,101.169998,0.240006,1,2016,3,10
2016-03-09,101.309998,101.580002,100.269997,101.120003,27130700,101.120003,0.189995,1,2016,3,9
2016-03-08,100.779999,101.760002,100.400002,101.029999,31274200,101.029999,-0.25,0,2016,3,8
2016-03-07,102.389999,102.830002,100.959999,101.870003,35828900,101.870003,0.519996,1,2016,3,7
2016-03-04,102.370003,103.75,101.370003,103.010002,45936500,103.010002,-0.639999,0,2016,3,4
2016-03-03,100.580002,101.709999,100.449997,101.5,36792200,101.5,-0.919998,0,2016,3,3
2016-03-02,100.510002,100.889999,99.639999,100.75,33084900,100.75,-0.239998,0,2016,3,2
2016-03-01,97.650002,100.769997,97.419998,100.529999,50153900,100.529999,-2.879997,0,2016,3,1
2016-02-29,96.860001,98.230003,96.650002,96.690002,34876600,96.690002,0.169999,1,2016,2,29
2016-02-26,97.199997,98.019997,96.580002,96.910004,28913200,96.910004,0.289993,1,2016,2,26
2016-02-25,96.050003,96.760002,95.25,96.760002,27393900,96.760002,-0.709999,0,2016,2,25
2016-02-24,93.980003,96.379997,93.32,96.099998,36155600,96.099998,-2.119995,0,2016,2,24
2016-02-23,96.400002,96.5,94.550003,94.690002,31686700,94.690002,1.71,1,2016,2,23
2016-02-22,96.309998,96.900002,95.919998,96.879997,34048200,96.879997,-0.569999,0,2016,2,22
2016-02-19,96,96.760002,95.800003,96.040001,34485600,96.040001,-0.040001,0,2016,2,19
2016-02-18,98.839996,98.889999,96.089996,96.260002,38494400,96.260002,2.579994,1,2016,2,18
2016-02-17,96.669998,98.209999,96.150002,98.120003,44390200,98.120003,-1.450005,0,2016,2,17
2016-02-16,95.019997,96.849998,94.610001,96.639999,47490700,96.639999,-1.620002,0,2016,2,16
2016-02-12,94.190002,94.5,93.010002,93.989998,40121700,93.989998,0.200004,1,2016,2,12
2016-02-11,93.790001,94.720001,92.589996,93.699997,49686200,93.699997,0.090004,1,2016,2,11
2016-02-10,95.919998,96.349998,94.099998,94.269997,42245000,94.269997,1.650001,1,2016,2,10
2016-02-09,94.290001,95.940002,93.93,94.989998,44331200,94.989998,-0.699997,0,2016,2,9
2016-02-08,93.129997,95.699997,93.040001,95.010002,54021400,95.010002,-1.880005,0,2016,2,8
2016-02-05,96.519997,96.919998,93.690002,94.019997,46418100,94.019997,2.5,1,2016,2,5
2016-02-04,95.860001,97.330002,95.190002,96.599998,46471700,96.599998,-0.739997,0,2016,2,4
2016-02-03,95,96.839996,94.080002,96.349998,45964300,95.830001,-1.349998,0,2016,2,3
2016-02-02,95.419998,96.040001,94.279999,94.480003,37357200,93.970098,0.939995,1,2016,2,2
2016-02-01,96.470001,96.709999,95.400002,96.43,40943500,95.909571,0.040001,1,2016,2,1
2016-01-29,94.790001,97.339996,94.349998,97.339996,64416500,96.814656,-2.549995,0,2016,1,29
2016-01-28,93.790001,94.519997,92.389999,94.089996,55678800,93.582196,-0.299995,0,2016,1,28
2016-01-27,96.040001,96.629997,93.339996,93.419998,133369700,92.915814,2.620003,1,2016,1,27
2016-01-26,99.93,100.879997,98.07,99.989998,75077000,99.450356,-0.059998,0,2016,1,26
2016-01-25,101.519997,101.529999,99.209999,99.440002,51794500,98.903329,2.079995,1,2016,1,25
2016-01-22,98.629997,101.459999,98.370003,101.419998,65800500,100.872638,-2.790001,0,2016,1,22
2016-01-21,97.059998,97.879997,94.940002,96.300003,52161500,95.780276,0.759995,1,2016,1,21
2016-01-20,95.099998,98.190002,93.419998,96.790001,72334400,96.267629,-1.690003,0,2016,1,20
2016-01-19,98.410004,98.650002,95.5,96.660004,53087700,96.138333,1.75,1,2016,1,19
2016-01-15,96.199997,97.709999,95.360001,97.129997,79833900,96.60579,-0.93,0,2016,1,15
2016-01-14,97.959999,100.480003,95.739998,99.519997,63170100,98.982891,-1.559998,0,2016,1,14
2016-01-13,100.32,101.190002,97.300003,97.389999,62439600,96.864389,2.930001,1,2016,1,13
2016-01-12,100.550003,100.690002,98.839996,99.959999,49154200,99.420519,0.590004,1,2016,1,12
2016-01-11,98.970001,99.059998,97.339996,98.529999,49739400,97.998236,0.440002,1,2016,1,11
2016-01-08,98.550003,99.110001,96.760002,96.959999,70798000,96.43671,1.590004,1,2016,1,8
2016-01-07,98.68,100.129997,96.43,96.449997,81094400,95.92946,2.230003,1,2016,1,7
2016-01-06,100.559998,102.370003,99.870003,100.699997,68457400,100.156523,-0.139999,0,2016,1,6
2016-01-05,105.75,105.849998,102.410004,102.709999,55791000,102.155677,3.040001,1,2016,1,5
2016-01-04,102.610001,105.370003,102,105.349998,67649400,104.781429,-2.739997,0,2016,1,4
2015-12-31,107.010002,107.029999,104.82,105.260002,40912300,104.691918,1.75,1,2015,12,31
2015-12-30,108.580002,108.699997,107.18,107.32,25213800,106.740798,1.260002,1,2015,12,30
2015-12-29,106.959999,109.43,106.860001,108.739998,30931200,108.153132,-1.779999,0,2015,12,29
2015-12-28,107.589996,107.690002,106.18,106.82,26704200,106.243496,0.769996,1,2015,12,28
2015-12-24,109,109,107.949997,108.029999,13596700,107.446965,0.970001,1,2015,12,24
2015-12-23,107.269997,108.849998,107.199997,108.610001,32657400,108.023837,-1.340004,0,2015,12,23
2015-12-22,107.400002,107.720001,106.449997,107.230003,32789400,106.651287,0.169999,1,2015,12,22
2015-12-21,107.279999,107.370003,105.57,107.330002,47590600,106.750746,-0.050003,0,2015,12,21
2015-12-18,108.910004,109.519997,105.809998,106.029999,96453300,105.457759,2.880005,1,2015,12,18
2015-12-17,112.019997,112.25,108.980003,108.980003,44772800,108.391842,3.039994,1,2015,12,17
2015-12-16,111.07,111.989998,108.800003,111.339996,56238500,110.739099,-0.269996,0,2015,12,16
2015-12-15,111.940002,112.800003,110.349998,110.489998,52978100,109.893688,1.450004,1,2015,12,15
2015-12-14,112.18,112.68,109.790001,112.480003,64318700,111.872953,-0.300003,0,2015,12,14
2015-12-11,115.190002,115.389999,112.849998,113.18,46886200,112.569172,2.010002,1,2015,12,11
2015-12-10,116.040001,116.940002,115.510002,116.169998,29212700,115.543033,-0.129997,0,2015,12,10
2015-12-09,117.639999,117.690002,115.080002,115.620003,46361400,114.996006,2.019996,1,2015,12,9
2015-12-08,117.519997,118.599998,116.860001,118.230003,34309500,117.591921,-0.710006,0,2015,12,8
2015-12-07,118.980003,119.860001,117.809998,118.279999,32084200,117.641646,0.700004,1,2015,12,7
2015-12-04,115.290001,119.25,115.110001,119.029999,57777000,118.387598,-3.739998,0,2015,12,4
2015-12-03,116.550003,116.790001,114.220001,115.199997,41569500,114.578267,1.350006,1,2015,12,3
2015-12-02,117.339996,118.110001,116.080002,116.279999,33386600,115.65244,1.059997,1,2015,12,2
2015-12-01,118.75,118.809998,116.860001,117.339996,34852400,116.706717,1.410004,1,2015,12,1
2015-11-30,117.989998,119.410004,117.75,118.300003,39180300,117.661542,-0.310005,0,2015,11,30
2015-11-27,118.290001,118.410004,117.599998,117.809998,13046400,117.174181,0.480003,1,2015,11,27
2015-11-25,119.209999,119.230003,117.919998,118.029999,21388300,117.392995,1.18,1,2015,11,25
2015-11-24,117.330002,119.349998,117.120003,118.879997,42803200,118.238406,-1.549995,0,2015,11,24
2015-11-23,119.269997,119.730003,117.339996,117.75,32482500,117.114508,1.519997,1,2015,11,23
2015-11-20,119.199997,119.919998,118.849998,119.300003,34287100,118.656145,-0.100006,0,2015,11,20
2015-11-19,117.639999,119.75,116.760002,118.779999,43295800,118.138948,-1.14,0,2015,11,19
2015-11-18,115.760002,117.489998,115.5,117.290001,46674700,116.656991,-1.529999,0,2015,11,18
2015-11-17,114.919998,115.050003,113.32,113.690002,27616900,113.076422,1.229996,1,2015,11,17
2015-11-16,111.379997,114.239998,111,114.18,38106700,113.563775,-2.800003,0,2015,11,16
2015-11-13,115.199997,115.57,112.269997,112.339996,45812400,111.733702,2.860001,1,2015,11,13
2015-11-12,116.260002,116.82,115.650002,115.720001,32525600,115.095465,0.540001,1,2015,11,12
2015-11-11,116.370003,117.419998,115.209999,116.110001,45218000,115.483359,0.260002,1,2015,11,11
2015-11-10,116.900002,118.07,116.059998,116.769997,59127900,116.139793,0.130005,1,2015,11,10
2015-11-09,120.959999,121.809998,120.050003,120.57,33871400,119.919288,0.389999,1,2015,11,9
2015-11-06,121.110001,121.809998,120.620003,121.059998,33042300,120.406641,0.050003,1,2015,11,6
2015-11-05,121.849998,122.690002,120.18,120.919998,39552700,120.267398,0.93,1,2015,11,5
2015-11-04,123.129997,123.82,121.620003,122,44886100,120.824373,1.129997,1,2015,11,4
2015-11-03,120.790001,123.489998,120.699997,122.57,45519000,121.388881,-1.779999,0,2015,11,3
2015-11-02,120.800003,121.360001,119.610001,121.18,32203300,120.012276,-0.379997,0,2015,11,2
2015-10-30,120.989998,121.220001,119.449997,119.5,49365300,118.348464,1.489998,1,2015,10,30
2015-10-29,118.699997,120.690002,118.269997,120.529999,51227300,119.368538,-1.830002,0,2015,10,29
2015-10-28,116.93,119.300003,116.059998,119.269997,85551400,118.120677,-2.339997,0,2015,10,28
2015-10-27,115.400002,116.540001,113.989998,114.550003,69884400,113.446167,0.849999,1,2015,10,27
2015-10-26,118.080002,118.129997,114.919998,115.279999,66333800,114.169128,2.800003,1,2015,10,26
2015-10-23,116.699997,119.230003,116.330002,119.080002,59366900,117.932513,-2.380005,0,2015,10,23
2015-10-22,114.330002,115.5,114.099998,115.5,41654100,114.387009,-1.169998,0,2015,10,22
2015-10-21,114,115.580002,113.699997,113.760002,41795200,112.663779,0.239998,1,2015,10,21
2015-10-20,111.339996,114.169998,110.82,113.769997,48967800,112.673677,-2.430001,0,2015,10,20
2015-10-19,110.800003,111.75,110.110001,111.730003,29759200,110.653341,-0.93,0,2015,10,19
2015-10-16,111.779999,112,110.529999,111.040001,38236300,109.969988,0.739998,1,2015,10,16
2015-10-15,110.93,112.099998,110.489998,111.860001,37673500,110.782086,-0.930001,0,2015,10,15
2015-10-14,111.290001,111.519997,109.559998,110.209999,44462400,109.147984,1.080002,1,2015,10,14
2015-10-13,110.82,112.449997,110.68,111.790001,33049300,110.712761,-0.970001,0,2015,10,13
2015-10-12,112.730003,112.75,111.440002,111.599998,30467200,110.524589,1.130005,1,2015,10,12
2015-10-09,110,112.279999,109.489998,112.120003,52766100,111.039583,-2.120003,0,2015,10,9
2015-10-08,110.190002,110.190002,108.209999,109.5,61979600,108.444827,0.690002,1,2015,10,8
2015-10-07,111.739998,111.769997,109.410004,110.779999,46765600,109.712491,0.959999,1,2015,10,7
2015-10-06,110.629997,111.739998,109.769997,111.309998,48857000,110.237383,-0.680001,0,2015,10,6
2015-10-05,109.879997,111.370003,109.07,110.779999,52064700,109.712491,-0.900002,0,2015,10,5
2015-10-02,108.010002,111.010002,107.550003,110.379997,58019800,109.316344,-2.369995,0,2015,10,2
2015-10-01,109.07,109.620003,107.309998,109.580002,63929100,108.524058,-0.510002,0,2015,10,1
2015-09-30,110.169998,111.540001,108.730003,110.300003,66473000,109.237121,-0.130005,0,2015,9,30
2015-09-29,112.830002,113.510002,107.860001,109.059998,73365400,108.009065,3.770004,1,2015,9,29
2015-09-28,113.849998,114.57,112.440002,112.440002,52109000,111.356499,1.409996,1,2015,9,28
2015-09-25,116.440002,116.690002,114.019997,114.709999,56151900,113.604621,1.730003,1,2015,9,25
2015-09-24,113.25,115.5,112.370003,115,50219500,113.891827,-1.75,0,2015,9,24
2015-09-23,113.629997,114.720001,113.300003,114.32,35756700,113.21838,-0.690003,0,2015,9,23
2015-09-22,113.379997,114.18,112.519997,113.400002,50346200,112.307247,-0.020005,0,2015,9,22
2015-09-21,113.669998,115.370003,113.660004,115.209999,50222000,114.099803,-1.540001,0,2015,9,21
2015-09-18,112.209999,114.300003,111.870003,113.449997,74285300,112.356761,-1.239998,0,2015,9,18
2015-09-17,115.660004,116.489998,113.720001,113.919998,64112600,112.822233,1.740006,1,2015,9,17
2015-09-16,116.25,116.540001,115.440002,116.410004,37173500,115.288244,-0.160004,0,2015,9,16
2015-09-15,115.93,116.529999,114.419998,116.279999,43341200,115.159492,-0.349999,0,2015,9,15
2015-09-14,116.580002,116.889999,114.860001,115.309998,58363400,114.198838,1.270004,1,2015,9,14
2015-09-11,111.790001,114.209999,111.760002,114.209999,49915500,113.109439,-2.419998,0,2015,9,11
2015-09-10,110.269997,113.279999,109.900002,112.57,62892800,111.485243,-2.300003,0,2015,9,10
2015-09-09,113.760002,114.019997,109.769997,110.150002,85010800,109.088565,3.61,1,2015,9,9
2015-09-08,111.75,112.559998,110.32,112.309998,54843600,111.227747,-0.559998,0,2015,9,8
2015-09-04,108.970001,110.449997,108.510002,109.269997,49996300,108.21704,-0.299996,0,2015,9,4
2015-09-03,112.489998,112.779999,110.040001,110.370003,53233900,109.306446,2.119995,1,2015,9,3
2015-09-02,110.230003,112.339996,109.129997,112.339996,61888800,111.257456,-2.109993,0,2015,9,2
2015-09-01,110.150002,111.879997,107.360001,107.720001,76845900,106.681981,2.430001,1,2015,9,1
2015-08-31,112.029999,114.529999,112,112.760002,56229300,111.673415,-0.730003,0,2015,8,31
2015-08-28,112.169998,113.309998,111.540001,113.290001,53164400,112.198306,-1.120003,0,2015,8,28
2015-08-27,112.230003,113.239998,110.019997,112.919998,84616100,111.831869,-0.689995,0,2015,8,27
2015-08-26,107.089996,109.889999,105.050003,109.690002,96774600,108.632999,-2.600006,0,2015,8,26
2015-08-25,111.110001,111.110001,103.5,103.739998,103601600,102.74033,7.370003,1,2015,8,25
2015-08-24,94.870003,108.800003,92,103.120003,162206300,102.126309,-8.25,0,2015,8,24
2015-08-21,110.43,111.900002,105.650002,105.760002,128275500,104.740869,4.669998,1,2015,8,21
2015-08-20,114.080002,114.349998,111.629997,112.650002,68501600,111.564474,1.43,1,2015,8,20
2015-08-19,116.099998,116.519997,114.68,115.010002,47445700,113.901733,1.089996,1,2015,8,19
2015-08-18,116.43,117.440002,116.010002,116.5,34560700,115.377373,-0.07,0,2015,8,18
2015-08-17,116.040001,117.650002,115.5,117.160004,40884700,116.031017,-1.120003,0,2015,8,17
2015-08-14,114.32,116.309998,114.010002,115.959999,42929500,114.842576,-1.639999,0,2015,8,14
2015-08-13,116.040001,116.400002,114.540001,115.150002,48535800,114.040384,0.889999,1,2015,8,13
2015-08-12,112.529999,115.419998,109.629997,115.239998,101217500,114.129513,-2.709999,0,2015,8,12
2015-08-11,117.809998,118.18,113.330002,113.489998,97082800,112.396376,4.32,1,2015,8,11
2015-08-10,116.529999,119.989998,116.529999,119.720001,54951600,118.566345,-3.190002,0,2015,8,10
2015-08-07,114.580002,116.25,114.5,115.519997,38670400,114.406813,-0.939995,0,2015,8,7
2015-08-06,115.970001,116.5,114.120003,115.129997,52903000,114.020572,0.840004,1,2015,8,6
2015-08-05,112.949997,117.440002,112.099998,115.400002,99312600,113.772984,-2.450005,0,2015,8,5
2015-08-04,117.419998,117.699997,113.25,114.639999,124138600,113.023697,2.779999,1,2015,8,4
2015-08-03,121.5,122.57,117.519997,118.440002,69976000,116.770124,3.059998,1,2015,8,3
2015-07-31,122.599998,122.639999,120.910004,121.300003,42885000,119.589801,1.299995,1,2015,7,31
2015-07-30,122.32,122.57,121.709999,122.370003,33628300,120.644715,-0.050003,0,2015,7,30
2015-07-29,123.150002,123.5,122.269997,122.989998,37011700,121.255969,0.160004,1,2015,7,29
2015-07-28,123.379997,123.910004,122.550003,123.379997,33618100,121.64047,0,0,2015,7,28
2015-07-27,123.089996,123.610001,122.120003,122.769997,44455500,121.03907,0.319999,1,2015,7,27
2015-07-24,125.32,125.739998,123.900002,124.5,42162300,122.744682,0.82,1,2015,7,24
2015-07-23,126.199997,127.089996,125.059998,125.160004,50999500,123.39538,1.039993,1,2015,7,23
2015-07-22,121.989998,125.5,121.989998,125.220001,115450600,123.454532,-3.230003,0,2015,7,22
2015-07-21,132.850006,132.919998,130.320007,130.75,76756400,128.906563,2.100006,1,2015,7,21
2015-07-20,130.970001,132.970001,130.699997,132.070007,58900200,130.20796,-1.100006,0,2015,7,20
2015-07-17,129.080002,129.619995,128.309998,129.619995,46164700,127.79249,-0.539993,0,2015,7,17
2015-07-16,127.739998,128.570007,127.349998,128.509995,36222400,126.69814,-0.769997,0,2015,7,16
2015-07-15,125.720001,127.150002,125.580002,126.82,33649200,125.031972,-1.099999,0,2015,7,15
2015-07-14,126.040001,126.370003,125.040001,125.610001,31768100,123.839032,0.43,1,2015,7,14
2015-07-13,125.029999,125.760002,124.32,125.660004,41440500,123.888331,-0.630005,0,2015,7,13
2015-07-10,121.940002,123.849998,121.209999,123.279999,61354500,121.541881,-1.339997,0,2015,7,10
2015-07-09,123.849998,124.059998,119.220001,120.07,77821600,118.37714,3.779998,1,2015,7,9
2015-07-08,124.480003,124.639999,122.540001,122.57,60761600,120.841892,1.910003,1,2015,7,8
2015-07-07,125.889999,126.150002,123.769997,125.690002,46946800,123.917906,0.199997,1,2015,7,7
2015-07-06,124.940002,126.230003,124.849998,126,28060400,124.223533,-1.059998,0,2015,7,6
2015-07-02,126.43,126.690002,125.769997,126.440002,27211000,124.657332,-0.010002,0,2015,7,2
2015-07-01,126.900002,126.940002,125.989998,126.599998,30238800,124.815072,0.300004,1,2015,7,1
2015-06-30,125.57,126.120003,124.860001,125.43,44370700,123.66157,0.14,1,2015,6,30
2015-06-29,125.459999,126.470001,124.480003,124.529999,49161400,122.774258,0.93,1,2015,6,29
2015-06-26,127.669998,127.989998,126.510002,126.75,44066800,124.962959,0.919998,1,2015,6,26
2015-06-25,128.860001,129.199997,127.5,127.5,31938100,125.702385,1.360001,1,2015,6,25
2015-06-24,127.209999,129.800003,127.120003,128.110001,55280900,126.303785,-0.900002,0,2015,6,24
2015-06-23,127.480003,127.610001,126.879997,127.029999,30268900,125.23901,0.450004,1,2015,6,23
2015-06-22,127.489998,128.059998,127.080002,127.610001,34039300,125.810835,-0.120003,0,2015,6,22
2015-06-19,127.709999,127.82,126.400002,126.599998,54716900,124.815072,1.110001,1,2015,6,19
2015-06-18,127.230003,128.309998,127.220001,127.879997,35407200,126.077025,-0.649994,0,2015,6,18
2015-06-17,127.720001,127.879997,126.739998,127.300003,32918100,125.505208,0.419998,1,2015,6,17
2015-06-16,127.029999,127.849998,126.370003,127.599998,31494100,125.800973,-0.569999,0,2015,6,16
2015-06-15,126.099998,127.239998,125.709999,126.919998,43988900,125.13056,-0.82,0,2015,6,15
2015-06-12,128.190002,128.330002,127.110001,127.169998,36886200,125.377036,1.020004,1,2015,6,12
2015-06-11,129.179993,130.179993,128.479996,128.589996,35390900,126.777013,0.589997,1,2015,6,11
2015-06-10,127.919998,129.339996,127.849998,128.880005,39087300,127.062933,-0.960007,0,2015,6,10
2015-06-09,126.699997,128.080002,125.620003,127.419998,56075400,125.623511,-0.720001,0,2015,6,9
2015-06-08,128.899994,129.210007,126.830002,127.800003,52674800,125.998158,1.099991,1,2015,6,8
2015-06-05,129.5,129.690002,128.360001,128.649994,35626800,126.836165,0.850006,1,2015,6,5
2015-06-04,129.580002,130.580002,128.910004,129.360001,38450100,127.536161,0.220001,1,2015,6,4
2015-06-03,130.660004,130.940002,129.899994,130.119995,30889400,128.285441,0.540009,1,2015,6,3
2015-06-02,129.860001,130.660004,129.320007,129.960007,33667600,128.127708,-0.100006,0,2015,6,2
2015-06-01,130.279999,131.389999,130.050003,130.539993,32112800,128.699517,-0.259994,0,2015,6,1
2015-05-29,131.229996,131.449997,129.899994,130.279999,50884500,128.443189,0.949997,1,2015,5,29
2015-05-28,131.860001,131.949997,131.100006,131.779999,30733300,129.92204,0.080002,1,2015,5,28
2015-05-27,130.339996,132.259995,130.050003,132.039993,45833200,130.178369,-1.699997,0,2015,5,27
2015-05-26,132.600006,132.910004,129.119995,129.619995,70697600,127.79249,2.980011,1,2015,5,26
2015-05-22,131.600006,132.970001,131.399994,132.539993,45596000,130.67132,-0.939987,0,2015,5,22
2015-05-21,130.070007,131.630005,129.830002,131.389999,39730400,129.537539,-1.319992,0,2015,5,21
2015-05-20,130,130.979996,129.339996,130.059998,36454900,128.226289,-0.059998,0,2015,5,20
2015-05-19,130.690002,130.880005,129.639999,130.070007,44633200,128.236158,0.619995,1,2015,5,19
2015-05-18,128.380005,130.720001,128.360001,130.190002,50882900,128.354461,-1.809997,0,2015,5,18
2015-05-15,129.070007,129.490005,128.210007,128.770004,38208000,126.954483,0.300003,1,2015,5,15
2015-05-14,127.410004,128.949997,127.160004,128.949997,45203500,127.131938,-1.539993,0,2015,5,14
2015-05-13,126.150002,127.190002,125.870003,126.010002,34694200,124.233394,0.14,1,2015,5,13
2015-05-12,125.599998,126.879997,124.82,125.870003,48160000,124.095369,-0.270005,0,2015,5,12
2015-05-11,127.389999,127.559998,125.629997,126.32,42035800,124.539021,1.069999,1,2015,5,11
2015-05-08,126.68,127.620003,126.110001,127.620003,55550400,125.820696,-0.940003,0,2015,5,8
2015-05-07,124.769997,126.080002,124.019997,125.260002,43940900,123.493969,-0.490005,0,2015,5,7
2015-05-06,126.559998,126.75,123.360001,125.010002,72141000,122.73483,1.549996,1,2015,5,6
2015-05-05,128.149994,128.449997,125.779999,125.800003,49271400,123.510453,2.349991,1,2015,5,5
2015-05-04,129.5,130.570007,128.259995,128.699997,50988300,126.357667,0.800003,1,2015,5,4
2015-05-01,126.099998,130.130005,125.300003,128.949997,58512600,126.603117,-2.849999,0,2015,5,1
2015-04-30,128.639999,128.639999,124.580002,125.150002,83195400,122.872281,3.489997,1,2015,4,30
2015-04-29,130.160004,131.589996,128.300003,128.639999,63386100,126.298762,1.520005,1,2015,4,29
2015-04-28,134.460007,134.539993,129.570007,130.559998,118924000,128.183816,3.900009,1,2015,4,28
2015-04-27,132.309998,133.130005,131.149994,132.649994,96954200,130.235775,-0.339996,0,2015,4,27
2015-04-24,130.490005,130.630005,129.229996,130.279999,44525900,127.908913,0.210006,1,2015,4,24
2015-04-23,128.300003,130.419998,128.139999,129.669998,45770900,127.310014,-1.369995,0,2015,4,23
2015-04-22,126.989998,128.869995,126.32,128.619995,37654500,126.279121,-1.629997,0,2015,4,22
2015-04-21,128.100006,128.199997,126.669998,126.910004,32435100,124.600252,1.190002,1,2015,4,21
2015-04-20,125.57,128.119995,125.169998,127.599998,47054300,125.277689,-2.029998,0,2015,4,20
2015-04-17,125.550003,126.139999,124.459999,124.75,51957000,122.47956,0.800003,1,2015,4,17
2015-04-16,126.279999,127.099998,126.110001,126.169998,28369000,123.873714,0.110001,1,2015,4,16
2015-04-15,126.410004,127.129997,126.010002,126.779999,28970400,124.472613,-0.369995,0,2015,4,15
2015-04-14,127,127.290001,125.910004,126.300003,25524600,124.001353,0.699997,1,2015,4,14
2015-04-13,128.369995,128.570007,126.610001,126.849998,36365100,124.541339,1.519997,1,2015,4,13
2015-04-10,125.949997,127.209999,125.260002,127.099998,40188000,124.786789,-1.150001,0,2015,4,10
2015-04-09,125.849998,126.580002,124.660004,126.559998,32484000,124.256616,-0.71,0,2015,4,9
2015-04-08,125.849998,126.400002,124.970001,125.599998,37329200,123.314088,0.25,1,2015,4,8
2015-04-07,127.639999,128.119995,125.980003,126.010002,35012300,123.71663,1.629997,1,2015,4,7
2015-04-06,124.470001,127.510002,124.330002,127.349998,37194000,125.032239,-2.879997,0,2015,4,6
2015-04-02,125.029999,125.559998,124.190002,125.32,32220100,123.039186,-0.290001,0,2015,4,2
2015-04-01,124.82,125.120003,123.099998,124.25,40621400,121.98866,0.57,1,2015,4,1
2015-03-31,126.089996,126.489998,124.360001,124.43,42090600,122.165384,1.659996,1,2015,3,31
2015-03-30,124.050003,126.400002,124,126.370003,47099700,124.070079,-2.32,0,2015,3,30
2015-03-27,124.57,124.699997,122.910004,123.25,39546200,121.00686,1.32,1,2015,3,27
2015-03-26,122.760002,124.879997,122.599998,124.239998,47572900,121.97884,-1.479996,0,2015,3,26
2015-03-25,126.540001,126.82,123.379997,123.379997,51655200,121.134491,3.160004,1,2015,3,25
2015-03-24,127.230003,128.039993,126.559998,126.690002,32842300,124.384254,0.540001,1,2015,3,24
2015-03-23,127.120003,127.849998,126.519997,127.209999,37709700,124.894787,-0.089996,0,2015,3,23
2015-03-20,128.25,128.399994,125.160004,125.900002,68695100,123.608631,2.349998,1,2015,3,20
2015-03-19,128.75,129.25,127.400002,127.5,45809500,125.17951,1.25,1,2015,3,19
2015-03-18,127,129.160004,126.370003,128.470001,65270900,126.131857,-1.470001,0,2015,3,18
2015-03-17,125.900002,127.32,125.650002,127.040001,51023100,124.727883,-1.139999,0,2015,3,17
2015-03-16,123.879997,124.949997,122.870003,124.949997,35874300,122.675917,-1.07,0,2015,3,16
2015-03-13,124.400002,125.400002,122.580002,123.589996,51827300,121.340668,0.810006,1,2015,3,13
2015-03-12,122.309998,124.900002,121.629997,124.449997,48362700,122.185017,-2.139999,0,2015,3,12
2015-03-11,124.75,124.769997,122.110001,122.239998,68939000,120.01524,2.510002,1,2015,3,11
2015-03-10,126.410004,127.220001,123.800003,124.510002,68856600,122.24393,1.900002,1,2015,3,10
2015-03-09,127.959999,129.570007,125.059998,127.139999,88528500,124.826061,0.82,1,2015,3,9
2015-03-06,128.399994,129.369995,126.260002,126.599998,72842100,124.295889,1.799996,1,2015,3,6
2015-03-05,128.580002,128.75,125.760002,126.410004,56517100,124.109352,2.169998,1,2015,3,5
2015-03-04,129.100006,129.559998,128.320007,128.539993,31666300,126.200576,0.560013,1,2015,3,4
2015-03-03,128.960007,129.520004,128.089996,129.360001,37816300,127.005659,-0.399994,0,2015,3,3
2015-03-02,129.25,130.279999,128.300003,129.089996,48096700,126.740569,0.160004,1,2015,3,2
2015-02-27,130,130.570007,128.240005,128.460007,62014800,126.122045,1.539993,1,2015,2,27
2015-02-26,128.789993,130.869995,126.610001,130.419998,91287500,128.046365,-1.630005,0,2015,2,26
2015-02-25,131.559998,131.600006,128.149994,128.789993,74711700,126.446026,2.770005,1,2015,2,25
2015-02-24,132.940002,133.600006,131.169998,132.169998,69228100,129.764515,0.770004,1,2015,2,24
2015-02-23,130.020004,133,129.660004,133,70974100,130.579411,-2.979996,0,2015,2,23
2015-02-20,128.619995,129.5,128.050003,129.5,48948400,127.14311,-0.880005,0,2015,2,20
2015-02-19,128.479996,129.029999,128.330002,128.449997,37362400,126.112217,0.029999,1,2015,2,19
2015-02-18,127.629997,128.779999,127.449997,128.720001,44891700,126.377307,-1.090004,0,2015,2,18
2015-02-17,127.489998,128.880005,126.919998,127.830002,63152400,125.503506,-0.340004,0,2015,2,17
2015-02-13,127.279999,127.279999,125.650002,127.080002,54272200,124.767156,0.199997,1,2015,2,13
2015-02-12,126.059998,127.480003,125.57,126.459999,74474500,124.158437,-0.400001,0,2015,2,12
2015-02-11,122.769997,124.919998,122.5,124.879997,73561800,122.607191,-2.11,0,2015,2,11
2015-02-10,120.169998,122.150002,120.160004,122.019997,62008500,119.799242,-1.849999,0,2015,2,10
2015-02-09,118.550003,119.839996,118.43,119.720001,38889800,117.541107,-1.169998,0,2015,2,9
2015-02-06,120.019997,120.25,118.449997,118.93,43706600,116.765484,1.089997,1,2015,2,6
2015-02-05,120.019997,120.230003,119.25,119.940002,42246200,117.757104,0.079995,1,2015,2,5
2015-02-04,118.5,120.510002,118.309998,119.559998,70149700,116.922564,-1.059998,0,2015,2,4
2015-02-03,118.5,119.089996,117.610001,118.650002,51915700,116.032642,-0.150002,0,2015,2,3
2015-02-02,118.050003,119.169998,116.080002,118.629997,62739100,116.013079,-0.579994,0,2015,2,2
2015-01-30,118.400002,120,116.849998,117.160004,83745500,114.575513,1.239998,1,2015,1,30
2015-01-29,116.32,119.190002,115.559998,118.900002,84436400,116.277127,-2.580002,0,2015,1,29
2015-01-28,117.629997,118.120003,115.309998,115.309998,146477100,112.766317,2.319999,1,2015,1,28
2015-01-27,112.419998,112.480003,109.029999,109.139999,95568700,106.732426,3.279999,1,2015,1,27
2015-01-26,113.739998,114.360001,112.800003,113.099998,55615000,110.605069,0.64,1,2015,1,26
2015-01-23,112.300003,113.75,111.529999,112.980003,46464800,110.487721,-0.68,0,2015,1,23
2015-01-22,110.260002,112.470001,109.720001,112.400002,53796400,109.920514,-2.14,0,2015,1,22
2015-01-21,108.949997,111.059998,108.269997,109.550003,48575900,107.133385,-0.600006,0,2015,1,21
2015-01-20,107.839996,108.970001,106.5,108.720001,49899900,106.321692,-0.880005,0,2015,1,20
2015-01-16,107.029999,107.580002,105.199997,105.989998,78513300,103.651911,1.040001,1,2015,1,16
2015-01-15,110,110.059998,106.660004,106.82,60014000,104.463604,3.18,1,2015,1,15
2015-01-14,109.040001,110.489998,108.5,109.800003,48337000,107.37787,-0.760002,0,2015,1,14
2015-01-13,111.43,112.800003,108.910004,110.220001,67091900,107.788603,1.209999,1,2015,1,13
2015-01-12,112.599998,112.629997,108.800003,109.25,49650800,106.84,3.349998,1,2015,1,12
2015-01-09,112.669998,113.25,110.209999,112.010002,53699500,109.539117,0.659996,1,2015,1,9
2015-01-08,109.230003,112.150002,108.699997,111.889999,59364500,109.421762,-2.659996,0,2015,1,8
2015-01-07,107.199997,108.199997,106.699997,107.75,40105900,105.373089,-0.550003,0,2015,1,7
2015-01-06,106.540001,107.43,104.629997,106.260002,65797100,103.91596,0.279999,1,2015,1,6
2015-01-05,108.290001,108.650002,105.410004,106.25,64285500,103.906178,2.040001,1,2015,1,5
2015-01-02,111.389999,111.440002,107.349998,109.330002,53204600,106.918237,2.059997,1,2015,1,2
2014-12-31,112.82,113.129997,110.209999,110.379997,41403400,107.94507,2.440003,1,2014,12,31
2014-12-30,113.639999,113.919998,112.110001,112.519997,29881500,110.037862,1.120002,1,2014,12,30
2014-12-29,113.790001,114.769997,113.699997,113.910004,27598900,111.397206,-0.120003,0,2014,12,29
2014-12-26,112.099998,114.519997,112.010002,113.989998,33721000,111.475435,-1.89,0,2014,12,26
2014-12-24,112.580002,112.709999,112.010002,112.010002,14479600,109.539117,0.57,1,2014,12,24
2014-12-23,113.230003,113.330002,112.459999,112.540001,26028400,110.057425,0.690002,1,2014,12,23
2014-12-22,112.160004,113.489998,111.970001,112.940002,45167500,110.448602,-0.779998,0,2014,12,22
2014-12-19,112.260002,113.239998,111.660004,111.779999,88429800,109.314188,0.480003,1,2014,12,19
2014-12-18,111.870003,112.650002,110.660004,112.650002,59006200,110.164999,-0.779999,0,2014,12,18
2014-12-17,107.120003,109.839996,106.82,109.410004,53411800,106.996474,-2.290001,0,2014,12,17
2014-12-16,106.370003,110.160004,106.260002,106.75,60790700,104.395148,-0.379997,0,2014,12,16
2014-12-15,110.699997,111.599998,106.349998,108.230003,67218100,105.842504,2.469994,1,2014,12,15
2014-12-12,110.459999,111.870003,109.580002,109.730003,56028100,107.309414,0.729996,1,2014,12,12
2014-12-11,112.260002,113.800003,111.339996,111.620003,41401700,109.157721,0.639999,1,2014,12,11
2014-12-10,114.410004,114.849998,111.540001,111.949997,44565300,109.480436,2.460007,1,2014,12,10
2014-12-09,110.190002,114.300003,109.349998,114.120003,60208000,111.602573,-3.930001,0,2014,12,9
2014-12-08,114.099998,114.650002,111.620003,112.400002,57664900,109.920514,1.699996,1,2014,12,8
2014-12-05,115.989998,116.080002,114.639999,115,38318900,112.463157,0.989998,1,2014,12,5
2014-12-04,115.769997,117.199997,115.290001,115.489998,42044500,112.942346,0.279999,1,2014,12,4
2014-12-03,115.75,116.349998,115.110001,115.93,43063400,113.372642,-0.18,0,2014,12,3
2014-12-02,113.5,115.75,112.75,114.629997,59348900,112.101317,-1.129997,0,2014,12,2
2014-12-01,118.809998,119.25,111.269997,115.07,83814000,112.531613,3.739998,1,2014,12,1
2014-11-28,119.269997,119.400002,118.050003,118.93,24814400,116.306464,0.339997,1,2014,11,28
2014-11-26,117.940002,119.099998,117.830002,119,40768300,116.374919,-1.059998,0,2014,11,26
2014-11-25,119.07,119.75,117.449997,117.599998,68840400,115.005801,1.470002,1,2014,11,25
2014-11-24,116.849998,118.769997,116.620003,118.629997,47450800,116.013079,-1.779999,0,2014,11,24
2014-11-21,117.510002,117.57,116.029999,116.470001,57179300,113.900731,1.040001,1,2014,11,21
2014-11-20,114.910004,116.860001,114.849998,116.309998,43395500,113.744257,-1.399994,0,2014,11,20
2014-11-19,115.440002,115.739998,113.800003,114.669998,41869200,112.140435,0.770004,1,2014,11,19
2014-11-18,113.940002,115.690002,113.889999,115.470001,44224000,112.922791,-1.529999,0,2014,11,18
2014-11-17,114.269997,117.279999,113.300003,113.989998,46746700,111.475435,0.279999,1,2014,11,17
2014-11-14,113.150002,114.190002,111.209999,114.18,44063600,111.661247,-1.029998,0,2014,11,14
2014-11-13,111.800003,113.449997,111.599998,112.82,59522900,110.331247,-1.019997,0,2014,11,13
2014-11-12,109.379997,111.43,109.370003,111.25,46942400,108.795881,-1.870003,0,2014,11,12
2014-11-11,108.699997,109.75,108.400002,109.699997,27442300,107.28007,-1,0,2014,11,11
2014-11-10,109.019997,109.330002,108.669998,108.830002,27195500,106.429266,0.189995,1,2014,11,10
2014-11-07,108.75,109.32,108.550003,109.010002,33691500,106.605296,-0.260002,0,2014,11,7
2014-11-06,108.599998,108.790001,107.800003,108.699997,34968500,106.302129,-0.099999,0,2014,11,6
2014-11-05,109.099998,109.300003,108.129997,108.860001,37435900,105.998973,0.239997,1,2014,11,5
2014-11-04,109.360001,109.489998,107.720001,108.599998,41574400,105.745804,0.760003,1,2014,11,4
2014-11-03,108.220001,110.300003,108.010002,109.400002,52282600,106.524782,-1.180001,0,2014,11,3
2014-10-31,108.010002,108.040001,107.209999,108,44639300,105.161575,0.010002,1,2014,10,31
2014-10-30,106.959999,107.349998,105.900002,106.980003,40654800,104.168385,-0.020004,0,2014,10,30
2014-10-29,106.650002,107.370003,106.360001,107.339996,52687900,104.518917,-0.689994,0,2014,10,29
2014-10-28,105.400002,106.739998,105.349998,106.739998,48060900,103.934688,-1.339996,0,2014,10,28
2014-10-27,104.849998,105.480003,104.699997,105.110001,34187700,102.34753,-0.260003,0,2014,10,27
2014-10-24,105.18,105.489998,104.529999,105.220001,47053900,102.454639,-0.040001,0,2014,10,24
2014-10-23,104.080002,105.050003,103.629997,104.830002,71074700,102.07489,-0.75,0,2014,10,23
2014-10-22,102.839996,104.110001,102.599998,102.989998,68263100,100.283244,-0.150002,0,2014,10,22
2014-10-21,103.019997,103.019997,101.269997,102.470001,94623900,99.776914,0.549996,1,2014,10,21
2014-10-20,98.32,99.959999,98.220001,99.760002,77517300,97.138138,-1.440002,0,2014,10,20
2014-10-17,97.5,99,96.809998,97.669998,68179700,95.103063,-0.169998,0,2014,10,17
2014-10-16,95.550003,97.720001,95.410004,96.260002,72154500,93.730124,-0.709999,0,2014,10,16
2014-10-15,97.970001,99.150002,95.18,97.540001,100933600,94.976482,0.43,1,2014,10,15
2014-10-14,100.389999,100.519997,98.57,98.75,63688600,96.154681,1.639999,1,2014,10,14
2014-10-13,101.330002,101.779999,99.809998,99.809998,53583400,97.18682,1.520004,1,2014,10,13
2014-10-10,100.690002,102.029999,100.300003,100.730003,66331600,98.082646,-0.040001,0,2014,10,10
2014-10-09,101.540001,102.379997,100.610001,101.019997,77376500,98.365018,0.520004,1,2014,10,9
2014-10-08,98.760002,101.110001,98.309998,100.800003,57404700,98.150806,-2.040001,0,2014,10,8
2014-10-07,99.43,100.120003,98.730003,98.75,42094200,96.154681,0.68,1,2014,10,7
2014-10-06,99.949997,100.650002,99.419998,99.620003,37051200,97.001818,0.329994,1,2014,10,6
2014-10-03,99.440002,100.209999,99.040001,99.620003,43469600,97.001818,-0.180001,0,2014,10,3
2014-10-02,99.269997,100.220001,98.040001,99.900002,47757800,97.274458,-0.630005,0,2014,10,2
2014-10-01,100.589996,100.690002,98.699997,99.18,51491300,96.57338,1.409996,1,2014,10,1
2014-09-30,100.809998,101.540001,100.529999,100.75,55264100,98.102117,0.059998,1,2014,9,30
2014-09-29,98.650002,100.440002,98.629997,100.110001,49766300,97.478938,-1.459999,0,2014,9,29
2014-09-26,98.529999,100.75,98.400002,100.75,62370500,98.102117,-2.220001,0,2014,9,26
2014-09-25,100.510002,100.709999,97.720001,97.870003,100092000,95.297811,2.639999,1,2014,9,25
2014-09-24,102.160004,102.849998,101.199997,101.75,60171800,99.075836,0.410004,1,2014,9,24
2014-09-23,100.599998,102.940002,100.540001,102.639999,63402200,99.942444,-2.040001,0,2014,9,23
2014-09-22,101.800003,102.139999,100.580002,101.059998,52788400,98.403968,0.740005,1,2014,9,22
2014-09-19,102.290001,102.349998,100.5,100.959999,70902400,98.306597,1.330002,1,2014,9,19
2014-09-18,101.93,102.349998,101.559998,101.790001,37299400,99.114785,0.139999,1,2014,9,18
2014-09-17,101.269997,101.800003,100.589996,101.580002,60926500,98.910305,-0.310005,0,2014,9,17
2014-09-16,99.800003,101.260002,98.889999,100.860001,66908100,98.209227,-1.059998,0,2014,9,16
2014-09-15,102.809998,103.050003,101.440002,101.629997,61316500,98.958987,1.180001,1,2014,9,15
2014-09-12,101.209999,102.190002,101.080002,101.660004,62626100,98.988204,-0.450005,0,2014,9,12
2014-09-11,100.410004,101.440002,99.620003,101.43,62353100,98.764246,-1.019996,0,2014,9,11
2014-09-10,98.010002,101.110001,97.760002,101,100869600,98.345547,-2.989998,0,2014,9,10
2014-09-09,99.080002,103.080002,96.139999,97.989998,189846300,95.414653,1.090004,1,2014,9,9
2014-09-08,99.300003,99.309998,98.050003,98.360001,46356700,95.774931,0.940002,1,2014,9,8
2014-09-05,98.800003,99.389999,98.309998,98.970001,58457000,96.3689,-0.169998,0,2014,9,5
2014-09-04,98.849998,100.089996,97.790001,98.120003,85718000,95.541241,0.729995,1,2014,9,4
2014-09-03,103.099998,103.199997,98.580002,98.940002,125421000,96.33969,4.159996,1,2014,9,3
2014-09-02,103.059998,103.739998,102.720001,103.300003,53564000,100.585102,-0.240005,0,2014,9,2
2014-08-29,102.860001,102.900002,102.199997,102.5,44595000,99.806124,0.360001,1,2014,8,29
2014-08-28,101.589996,102.779999,101.559998,102.25,68460000,99.562695,-0.660004,0,2014,8,28
2014-08-27,101.019997,102.57,100.699997,102.129997,52369000,99.445846,-1.11,0,2014,8,27
2014-08-26,101.419998,101.5,100.860001,100.889999,33152000,98.238437,0.529999,1,2014,8,26
2014-08-25,101.790001,102.169998,101.279999,101.540001,40270000,98.871356,0.25,1,2014,8,25
2014-08-22,100.290001,101.470001,100.190002,101.32,44184000,98.657136,-1.029999,0,2014,8,22
2014-08-21,100.57,100.940002,100.110001,100.580002,33478000,97.936587,-0.010002,0,2014,8,21
2014-08-20,100.440002,101.089996,99.949997,100.57,52699000,97.926848,-0.129998,0,2014,8,20
2014-08-19,99.410004,100.68,99.32,100.529999,69399000,97.887898,-1.119995,0,2014,8,19
2014-08-18,98.489998,99.370003,97.980003,99.160004,47572000,96.553909,-0.670006,0,2014,8,18
2014-08-15,97.900002,98.190002,96.860001,97.980003,48951000,95.404921,-0.080001,0,2014,8,15
2014-08-14,97.330002,97.57,96.800003,97.5,28116000,94.937533,-0.169998,0,2014,8,14
2014-08-13,96.150002,97.239998,96.040001,97.239998,31916000,94.684364,-1.089996,0,2014,8,13
2014-08-12,96.040001,96.879997,95.610001,95.970001,33795000,93.447745,0.07,1,2014,8,12
2014-08-11,95.269997,96.080002,94.839996,95.989998,36585000,93.467216,-0.720001,0,2014,8,11
2014-08-08,94.260002,94.82,93.279999,94.739998,41865000,92.250068,-0.479996,0,2014,8,8
2014-08-07,94.93,95.949997,94.099998,94.480003,46711000,91.996907,0.449997,1,2014,8,7
2014-08-06,94.75,95.480003,94.709999,94.959999,38558000,92.006638,-0.209999,0,2014,8,6
2014-08-05,95.360001,95.68,94.360001,95.120003,55933000,92.161665,0.239998,1,2014,8,5
2014-08-04,96.370003,96.580002,95.169998,95.589996,39958000,92.617042,0.780007,1,2014,8,4
2014-08-01,94.900002,96.620003,94.809998,96.129997,48511000,93.140248,-1.229995,0,2014,8,1
2014-07-31,97.160004,97.449997,95.330002,95.599998,56843000,92.626733,1.560006,1,2014,7,31
2014-07-30,98.440002,98.699997,97.669998,98.150002,33010000,95.097428,0.29,1,2014,7,30
2014-07-29,99.330002,99.440002,98.25,98.379997,43143000,95.32027,0.950005,1,2014,7,29
2014-07-28,97.82,99.239998,97.550003,99.019997,55318000,95.940365,-1.199997,0,2014,7,28
2014-07-25,96.849998,97.839996,96.639999,97.669998,43469000,94.632353,-0.82,0,2014,7,25
2014-07-24,97.040001,97.32,96.419998,97.029999,45729000,94.012258,0.010002,1,2014,7,24
2014-07-23,95.419998,97.879997,95.169998,97.190002,92918000,94.167286,-1.770004,0,2014,7,23
2014-07-22,94.68,94.889999,94.120003,94.720001,55197000,91.774104,-0.040001,0,2014,7,22
2014-07-21,94.989998,95,93.720001,93.940002,39079000,91.018364,1.049996,1,2014,7,21
2014-07-18,93.620003,94.739998,93.019997,94.43,49988000,91.493123,-0.809997,0,2014,7,18
2014-07-17,95.029999,95.279999,92.57,93.089996,57298000,90.194794,1.940003,1,2014,7,17
2014-07-16,96.970001,97.099998,94.739998,94.779999,53396300,91.832236,2.190002,1,2014,7,16
2014-07-15,96.800003,96.849998,95.029999,95.32,45477900,92.355442,1.480003,1,2014,7,15
2014-07-14,95.860001,96.889999,95.650002,96.449997,42810000,93.450295,-0.589996,0,2014,7,14
2014-07-11,95.360001,95.889999,94.860001,95.220001,34018000,92.258554,0.14,1,2014,7,11
2014-07-10,93.760002,95.550003,93.519997,95.040001,39686000,92.084152,-1.279999,0,2014,7,10
2014-07-09,95.440002,95.949997,94.760002,95.389999,36436000,92.423265,0.050003,1,2014,7,9
2014-07-08,96.269997,96.800003,93.919998,95.349998,65222000,92.384508,0.919999,1,2014,7,8
2014-07-07,94.139999,95.989998,94.099998,95.970001,56468000,92.985228,-1.830002,0,2014,7,7
2014-07-03,93.669998,94.099998,93.199997,94.029999,22891800,91.105562,-0.360001,0,2014,7,3
2014-07-02,93.870003,94.059998,93.089996,93.480003,28465000,90.572672,0.39,1,2014,7,2
2014-07-01,93.519997,94.07,93.129997,93.519997,38223000,90.611421,0,0,2014,7,1
2014-06-30,92.099998,93.730003,92.089996,92.93,49482300,90.039774,-0.830002,0,2014,6,30
2014-06-27,90.82,92,90.769997,91.980003,64029000,89.119323,-1.160003,0,2014,6,27
2014-06-26,90.370003,91.050003,89.800003,90.900002,32629000,88.072911,-0.529999,0,2014,6,26
2014-06-25,90.209999,90.699997,89.650002,90.360001,36869000,87.549705,-0.150002,0,2014,6,25
2014-06-24,90.75,91.739998,90.190002,90.279999,39036000,87.472191,0.470001,1,2014,6,24
2014-06-23,91.32,91.620003,90.599998,90.830002,43694000,88.005088,0.489998,1,2014,6,23
2014-06-20,91.849998,92.550003,90.900002,90.910004,100898000,88.082602,0.939994,1,2014,6,20
2014-06-19,92.290001,92.300003,91.339996,91.860001,35528000,89.003053,0.43,1,2014,6,19
2014-06-18,92.269997,92.290001,91.349998,92.18,33514000,89.3131,0.089997,1,2014,6,18
2014-06-17,92.309998,92.699997,91.800003,92.080002,29726000,89.216212,0.229996,1,2014,6,17
2014-06-16,91.510002,92.75,91.449997,92.199997,35561000,89.332475,-0.689995,0,2014,6,16
2014-06-13,92.199997,92.440002,90.879997,91.279999,54525000,88.44109,0.919998,1,2014,6,13
2014-06-12,94.040001,94.120003,91.900002,92.290001,54749000,89.41968,1.75,1,2014,6,12
2014-06-11,94.129997,94.760002,93.470001,93.860001,45681000,90.940851,0.269996,1,2014,6,11
2014-06-10,94.730003,95.050003,93.57,94.25,62777000,91.318721,0.480003,1,2014,6,10
2014-06-09,92.699997,93.879997,91.75,93.699997,75415000,90.785823,-1,0,2014,6,9
2014-06-06,649.900002,651.259979,644.470024,645.570023,87484600,89.356011,4.329979,1,2014,6,6
2014-06-05,646.199997,649.370003,642.610008,647.349983,75951400,89.602383,-1.149986,0,2014,6,5
2014-06-04,637.44001,647.890022,636.109993,644.819992,83870500,89.252197,-7.379982,0,2014,6,4
2014-06-03,628.459991,638.740013,628.25,637.539986,73177300,88.244541,-9.079995,0,2014,6,3
2014-06-02,633.959984,634.830017,622.500015,628.650009,92337700,87.014043,5.309975,1,2014,6,2
2014-05-30,637.979996,644.169991,628.900002,633.000015,141005200,87.616145,4.979981,1,2014,5,30
2014-05-29,627.849991,636.87001,627.769989,635.37999,94118500,87.945567,-7.529999,0,2014,5,29
2014-05-28,626.019989,629.830009,623.779991,624.01001,78870400,86.371801,2.009979,1,2014,5,28
2014-05-27,615.879997,625.859985,615.630005,625.63002,87216500,86.596033,-9.750023,0,2014,5,27
2014-05-23,607.25,614.730011,606.470009,614.129997,58052400,85.004268,-6.879997,0,2014,5,23
2014-05-22,606.599998,609.850006,604.100021,607.269974,50190000,84.054744,-0.669976,0,2014,5,22
2014-05-21,603.830002,606.699974,602.059975,606.310005,49214900,83.92187,-2.480003,0,2014,5,21
2014-05-20,604.510017,606.399994,600.730011,604.710022,58709000,83.70041,-0.200005,0,2014,5,20
2014-05-19,597.849998,607.330002,597.329987,604.590019,79438800,83.6838,-6.740021,0,2014,5,19
2014-05-16,588.629974,597.529991,585.399994,597.510017,69064100,82.703828,-8.880043,0,2014,5,16
2014-05-15,594.70002,596.599983,588.040001,588.819992,57711500,81.501005,5.880028,1,2014,5,15
2014-05-14,592.430008,597.400002,591.740005,593.869987,41601000,82.199996,-1.439979,0,2014,5,14
2014-05-13,591.999985,594.540016,590.699982,593.760025,39934300,82.184776,-1.76004,0,2014,5,13
2014-05-12,587.489975,593.659996,587.399986,592.830017,53302200,82.05605,-5.340042,0,2014,5,12
2014-05-09,584.540001,586.25,580.330025,585.540024,72899400,81.047012,-1.000023,0,2014,5,9
2014-05-08,588.249992,594.410027,586.400017,587.990013,57574300,81.386125,0.259979,1,2014,5,8
2014-05-07,595.249992,597.289986,587.72998,592.329979,70716100,81.531455,2.920013,1,2014,5,7
2014-05-06,601.799995,604.409988,594.410027,594.410027,93641100,81.817764,7.389968,1,2014,5,6
2014-05-05,590.140022,600.999977,589.999992,600.959976,71766800,82.719334,-10.819954,0,2014,5,5
2014-05-02,592.340019,594.199982,589.709999,592.580025,47878600,81.565873,-0.240006,0,2014,5,2
2014-05-01,591.999985,594.799995,586.360016,591.480026,61012000,81.414463,0.519959,1,2014,5,1
2014-04-30,592.639999,599.430008,589.799988,590.089981,114160200,81.22313,2.550018,1,2014,4,30
2014-04-29,593.739998,595.979996,589.509995,592.329979,84344400,81.531455,1.410019,1,2014,4,29
2014-04-28,572.800026,595.749977,572.54998,594.090019,167371400,81.773717,-21.289993,0,2014,4,28
2014-04-25,564.529984,571.990021,563.959984,571.93998,97568800,78.724867,-7.409996,0,2014,4,25
2014-04-24,568.210014,570.000015,560.730003,567.770004,189977900,78.150889,0.44001,1,2014,4,24
2014-04-23,529.060013,531.13002,524.449974,524.750008,98735000,72.229388,4.310005,1,2014,4,23
2014-04-22,528.309982,531.830009,526.500008,531.70002,50640800,73.186025,-3.390038,0,2014,4,22
2014-04-21,525.339981,532.139977,523.959976,531.170021,45637200,73.113073,-5.83004,0,2014,4,21
2014-04-17,519.999992,527.76001,519.199974,524.940025,71083600,72.255543,-4.940033,0,2014,4,17
2014-04-16,518.049988,521.090004,514.139992,519.01001,53691400,71.439304,-0.960022,0,2014,4,16
2014-04-15,520.270012,521.639977,511.329994,517.959999,66622500,71.294775,2.310013,1,2014,4,15
2014-04-14,521.900009,522.159988,517.210022,521.679977,51418500,71.806813,0.220032,1,2014,4,14
2014-04-11,519.000023,522.830017,517.140007,519.610023,67929400,71.521893,-0.61,0,2014,4,11
2014-04-10,530.680023,532.240005,523.169998,523.480019,59913000,72.05458,7.200004,1,2014,4,10
2014-04-09,522.639999,530.490005,522.020012,530.320015,51542400,72.996073,-7.680016,0,2014,4,9
2014-04-08,525.190018,526.120026,518.699989,523.440018,60972100,72.049074,1.75,1,2014,4,8
2014-04-07,528.019989,530.900002,521.890022,523.469978,72462600,72.053198,4.550011,1,2014,4,7
2014-04-04,539.810005,540.000023,530.579994,531.820023,68812800,73.202542,7.989982,1,2014,4,4
2014-04-03,541.390015,542.5,537.640022,538.790009,40586000,74.161928,2.600006,1,2014,4,3
2014-04-02,542.379997,543.479996,540.260002,542.549988,45105200,74.679472,-0.169991,0,2014,4,2
2014-04-01,537.760025,541.870026,536.769989,541.649994,50190000,74.555592,-3.889969,0,2014,4,1
2014-03-31,539.230019,540.809975,535.930023,536.739975,42167300,73.879751,2.490044,1,2014,3,31
2014-03-28,538.319984,538.940025,534.249985,536.859978,50141000,73.896269,1.460006,1,2014,3,28
2014-03-27,540.019997,541.499977,535.120018,537.459991,55507900,73.978858,2.560006,1,2014,3,27
2014-03-26,546.520012,549.000015,538.860023,539.779991,74942000,74.298195,6.740021,1,2014,3,26
2014-03-25,541.499977,545.750008,539.589973,544.98999,70573300,75.015327,-3.490013,0,2014,3,25
2014-03-24,538.420013,540.500008,535.05999,539.190018,88925200,74.216988,-0.770005,0,2014,3,24
2014-03-21,531.929985,533.75,526.330017,532.86998,93511600,73.347064,-0.939995,0,2014,3,21
2014-03-20,529.889992,532.669975,527.350014,528.700005,52099600,72.773086,1.189987,1,2014,3,20
2014-03-19,532.259979,536.23999,528.999985,531.26001,56189000,73.125459,0.999969,1,2014,3,19
2014-03-18,525.899994,531.969986,525.200005,531.399986,52411800,73.144726,-5.499992,0,2014,3,18
2014-03-17,527.699982,529.969994,525.850006,526.740013,49886200,72.503303,0.959969,1,2014,3,17
2014-03-14,528.789993,530.890015,523.000008,524.68998,59299800,72.221125,4.100013,1,2014,3,14
2014-03-13,537.440018,539.659988,529.159988,530.650009,64435700,73.041495,6.790009,1,2014,3,13
2014-03-12,534.510017,537.349976,532,536.609985,49831600,73.861858,-2.099968,0,2014,3,12
2014-03-11,535.450012,538.740021,532.589973,536.089973,69806100,73.790281,-0.639961,0,2014,3,11
2014-03-10,528.360023,533.330017,528.339996,530.919975,44646000,73.078655,-2.559952,0,2014,3,10
2014-03-07,531.090019,531.980026,526.050011,530.440018,55182400,73.012591,0.650001,1,2014,3,7
2014-03-06,532.789978,534.440002,528.099991,530.749985,46372200,73.055257,2.039993,1,2014,3,6
2014-03-05,530.919975,534.750023,529.129974,532.360008,50015700,73.276869,-1.440033,0,2014,3,5
2014-03-04,530.999977,532.640015,527.769997,531.239983,64785000,73.122703,-0.240006,0,2014,3,4
2014-03-03,523.419991,530.650009,522.80999,527.76001,59695300,72.643701,-4.340019,0,2014,3,3
2014-02-28,529.079987,532.749977,522.119987,526.239975,92992200,72.434475,2.840012,1,2014,2,28
2014-02-27,517.140007,528.780006,516.049995,527.670021,75470500,72.631314,-10.530014,0,2014,2,27
2014-02-26,523.610008,525,515.599998,517.349998,69054300,71.210811,6.26001,1,2014,2,26
2014-02-25,529.38002,529.569984,521.000015,522.060013,57988000,71.859123,7.320007,1,2014,2,25
2014-02-24,523.150024,529.920006,522.420021,527.550018,72227400,72.614796,-4.399994,0,2014,2,24
2014-02-21,532.789978,534.569992,524.599991,525.249992,69696200,72.298208,7.539986,1,2014,2,21
2014-02-20,532.989983,537.000008,528.999985,531.149994,76464500,73.110316,1.839989,1,2014,2,20
2014-02-19,544.749985,546.890007,534.350014,537.370003,78442000,73.966471,7.379982,1,2014,2,19
2014-02-18,546,551.190025,545.609978,545.990013,65062900,75.152975,0.009987,1,2014,2,18
2014-02-14,542.469986,545.980026,541.209984,543.990021,68231100,74.877686,-1.520035,0,2014,2,14
2014-02-13,534.659981,544.850014,534.199997,544.429977,76849500,74.938244,-9.769996,0,2014,2,13
2014-02-12,536.95002,539.560013,533.239975,535.919983,77025200,73.766883,1.030037,1,2014,2,12
2014-02-11,530.610008,537.749985,529.500023,535.959984,70564200,73.772389,-5.349976,0,2014,2,11
2014-02-10,518.659988,531.990013,518,528.989998,86389800,72.813003,-10.33001,0,2014,2,10
2014-02-07,521.379997,522.929993,517.380013,519.679985,92570100,71.531523,1.700012,1,2014,2,7
2014-02-06,510.060005,513.499977,507.81002,512.509995,64441300,70.544607,-2.44999,0,2014,2,6
2014-02-05,506.560005,515.279991,506.249985,512.589996,82086200,70.135807,-6.029991,0,2014,2,5
2014-02-04,505.849976,509.459991,502.760025,508.790016,94170300,69.61587,-2.94004,0,2014,2,4
2014-02-03,502.610008,507.730019,499.300026,501.529984,100366000,68.622506,1.080024,1,2014,2,3
2014-01-31,495.179985,501.529984,493.549988,500.599976,116199300,68.495256,-5.419991,0,2014,1,31
2014-01-30,502.539993,506.499977,496.70002,499.779984,169625400,68.38306,2.760009,1,2014,1,30
2014-01-29,503.950012,507.37001,498.62001,500.749992,125702500,68.515783,3.20002,1,2014,1,29
2014-01-28,508.760002,514.999985,502.070023,506.499977,266380800,69.302532,2.260025,1,2014,1,28
2014-01-27,550.07,554.799988,545.750008,550.500023,138719700,75.322897,-0.430023,0,2014,1,27
2014-01-24,554.000023,555.61998,544.749985,546.070015,107338700,74.716755,7.930008,1,2014,1,24
2014-01-23,549.94001,556.5,544.810013,556.179993,100809800,76.100066,-6.239983,0,2014,1,23
2014-01-22,550.910019,557.289978,547.809975,551.509979,94996300,75.461085,-0.59996,0,2014,1,22
2014-01-21,540.990005,550.07,540.420006,549.069977,82131700,75.127229,-8.079972,0,2014,1,21
2014-01-17,551.480019,552.069992,539.899994,540.669998,106684900,73.97789,10.810021,1,2014,1,17
2014-01-16,554.900017,556.850021,551.680023,554.250015,57319500,75.835994,0.650002,1,2014,1,16
2014-01-15,553.520012,560.200005,551.659996,557.359993,97909700,76.261521,-3.839981,0,2014,1,15
2014-01-14,538.220009,546.730003,537.659996,546.390022,83140400,74.76054,-8.170013,0,2014,1,14
2014-01-13,529.910019,542.5,529.880005,535.730019,94623200,73.301971,-5.82,0,2014,1,13
2014-01-10,539.829979,540.799988,531.109993,532.939995,76244000,72.920222,6.889984,1,2014,1,10
2014-01-09,546.800018,546.859993,535.349983,536.519997,69787200,73.410061,10.280021,1,2014,1,9
2014-01-08,538.809982,545.55999,538.68998,543.460022,64632400,74.359639,-4.65004,0,2014,1,8
2014-01-07,544.320015,545.959999,537.919975,540.040024,79302300,73.891693,4.279991,1,2014,1,7
2014-01-06,537.450005,546.800018,533.599983,543.929993,103152700,74.423944,-6.479988,0,2014,1,6
2014-01-03,552.860023,553.699989,540.429993,540.980019,98116900,74.020309,11.880004,1,2014,1,3
2014-01-02,555.680008,557.029999,552.020004,553.12999,58671200,75.682745,2.550018,1,2014,1,2
2013-12-31,554.170013,561.279976,554.000023,561.019997,55771100,76.762306,-6.849984,0,2013,12,31
2013-12-30,557.460022,560.089989,552.319984,554.519981,63407400,75.872933,2.940041,1,2013,12,30
2013-12-27,563.820007,564.409981,559.500015,560.089989,56471100,76.635056,3.730018,1,2013,12,27
2013-12-26,568.099998,569.499977,563.379997,563.900009,51002000,77.156368,4.199989,1,2013,12,26
2013-12-24,569.889999,571.880005,566.029991,567.669975,41888700,77.672198,2.220024,1,2013,12,24
2013-12-23,568.000023,570.719978,562.76001,570.090004,125326600,78.003322,-2.089981,0,2013,12,23
2013-12-20,545.43,551.610008,544.82,549.019989,109103400,75.120389,-3.589989,0,2013,12,20
2013-12-19,549.5,549.999985,543.729988,544.459991,80077200,74.496461,5.040009,1,2013,12,19
2013-12-18,549.700005,551.450005,538.799995,550.769989,141465800,75.359835,-1.069984,0,2013,12,18
2013-12-17,555.809998,559.439987,553.379982,554.990005,57475600,75.937244,0.819993,1,2013,12,17
2013-12-16,555.02002,562.640007,555.009979,557.500023,70648200,76.280681,-2.480003,0,2013,12,16
2013-12-13,562.849998,562.880013,553.669975,554.429993,83205500,75.86062,8.420005,1,2013,12,13
2013-12-12,562.140022,565.339989,560.030014,560.539986,65572500,76.696628,1.600036,1,2013,12,12
2013-12-11,567,570.970024,559.68998,561.359978,89929700,76.808824,5.640022,1,2013,12,11
2013-12-10,563.580002,567.88002,561.199974,565.54998,69567400,77.382127,-1.969978,0,2013,12,10
2013-12-09,560.899994,569.579979,560.899994,566.43,80123400,77.502537,-5.530006,0,2013,12,9
2013-12-06,565.789986,566.750008,559.569977,560.019974,86088100,76.625477,5.770012,1,2013,12,6
2013-12-05,572.650009,575.139999,566.410027,567.899994,111895000,77.703671,4.750015,1,2013,12,5
2013-12-04,565.499992,569.19001,560.819992,565.000008,94452400,77.306876,0.499984,1,2013,12,4
2013-12-03,558.299988,566.380013,557.68,566.319984,112742000,77.487484,-8.019996,0,2013,12,3
2013-12-02,558.000008,564.329979,550.819977,551.230026,118136200,75.42278,6.769982,1,2013,12,2
2013-11-29,549.480026,558.330002,547.809975,556.069977,79531900,76.085013,-6.589951,0,2013,11,29
2013-11-27,536.310005,546,533.399979,545.959999,90862100,74.701702,-9.649994,0,2013,11,27
2013-11-26,524.11998,536.140015,523.999977,533.399979,100345700,72.98316,-9.279999,0,2013,11,26
2013-11-25,521.019989,525.86998,521.000015,523.739998,57327900,71.661421,-2.720009,0,2013,11,25
2013-11-22,519.519981,522.159988,518.529999,519.799988,55931400,71.122324,-0.280007,0,2013,11,22
2013-11-21,517.599991,521.210007,513.670021,521.139992,65506700,71.305671,-3.540001,0,2013,11,21
2013-11-20,519.229988,520.419975,514.330009,514.999985,48479200,70.465557,4.230003,1,2013,11,20
2013-11-19,519.029984,523.37999,517.969986,519.549995,52234700,71.088118,-0.520011,0,2013,11,19
2013-11-18,524.990013,527.19001,518.200005,518.629974,61236000,70.962235,6.360039,1,2013,11,18
2013-11-15,526.580009,529.089973,524.489975,524.990013,79480100,71.832456,1.589996,1,2013,11,15
2013-11-14,522.80999,529.279991,521.869995,528.160019,70604800,72.266196,-5.350029,0,2013,11,14
2013-11-13,518,522.249977,516.959976,520.63002,49305200,71.235894,-2.63002,0,2013,11,13
2013-11-12,517.670006,523.919975,516.999977,520.009979,51069200,71.151056,-2.339973,0,2013,11,12
2013-11-11,519.990005,521.669991,514.410011,519.050011,56863100,71.019707,0.939994,1,2013,11,11
2013-11-08,514.580002,521.130005,512.589996,520.560005,69829200,71.226314,-5.980003,0,2013,11,8
2013-11-07,519.580009,523.190025,512.380005,512.490021,65655100,70.122128,7.089988,1,2013,11,7
2013-11-06,524.149994,524.860023,518.200005,520.920013,55843900,71.275573,3.229981,1,2013,11,6
2013-11-05,524.580017,528.890022,523.000008,525.449997,66303300,71.478078,-0.86998,0,2013,11,5
2013-11-04,521.099991,526.820015,518.810005,526.75,61156900,71.65492,-5.650009,0,2013,11,4
2013-11-01,524.020004,524.799995,515.840004,520.030006,68722500,70.740785,3.989998,1,2013,11,1
2013-10-31,525,527.48999,521.269981,522.699974,68924100,71.103986,2.300026,1,2013,10,31
2013-10-30,519.610023,527.520004,517.020004,524.900024,88540900,71.403264,-5.290001,0,2013,10,30
2013-10-29,536.270004,539.249992,514.540001,516.680023,158951800,70.28508,19.589981,1,2013,10,29
2013-10-28,529.039986,530.999977,523.209999,529.880005,137610200,72.080701,-0.840019,0,2013,10,28
2013-10-25,531.319984,533.229988,525.110016,525.960022,84448000,71.547458,5.359962,1,2013,10,25
2013-10-24,525,532.470024,522.449982,531.910011,96191200,72.356847,-6.910011,0,2013,10,24
2013-10-23,519.000023,525.669975,519.000023,524.959999,78430800,71.411422,-5.959976,0,2013,10,23
2013-10-22,526.410019,528.450012,508.029999,519.870003,133515900,70.719019,6.540016,1,2013,10,22
2013-10-21,511.770004,524.300011,511.520012,521.360023,99526700,70.92171,-9.590019,0,2013,10,21
2013-10-18,505.990005,509.259987,505.709999,508.889992,72635500,69.225385,-2.899987,0,2013,10,18
2013-10-17,499.979988,504.779991,499.680008,504.499985,63398300,68.628203,-4.519997,0,2013,10,17
2013-10-16,500.789993,502.530006,499.230011,501.110001,62775300,68.167056,-0.320008,0,2013,10,16
2013-10-15,497.510025,502.000008,495.52002,498.679985,80018400,67.836496,-1.16996,0,2013,10,15
2013-10-14,489.830009,497.579987,489.349998,496.039978,65474500,67.477371,-6.209969,0,2013,10,14
2013-10-11,486.989998,493.839981,485.159996,492.809998,66934700,67.037989,-5.82,0,2013,10,11
2013-10-10,491.319977,492.379974,487.039986,489.639992,69650700,66.606767,1.679985,1,2013,10,10
2013-10-09,484.639984,487.790016,478.279999,486.589989,75431300,66.191868,-1.950005,0,2013,10,9
2013-10-08,489.940025,490.640015,480.540024,480.93998,72729300,65.423286,9.000045,1,2013,10,8
2013-10-07,486.559975,492.649994,485.350014,487.750015,78073100,66.349669,-1.19004,0,2013,10,7
2013-10-04,483.859993,484.599983,478.600006,483.030014,64717100,65.707598,0.829979,1,2013,10,4
2013-10-03,490.510025,492.350014,480.739975,483.409996,80688300,65.759287,7.100029,1,2013,10,3
2013-10-02,485.63002,491.799988,483.749977,489.55999,72296000,66.595884,-3.92997,0,2013,10,2
2013-10-01,478.449989,489.140007,478.379974,487.960007,88470900,66.378235,-9.510018,0,2013,10,1
2013-09-30,477.250015,481.659996,474.410004,476.749977,65039100,64.853311,0.500038,1,2013,9,30
2013-09-27,483.779991,484.669998,480.720001,482.750008,57010100,65.669508,1.029983,1,2013,9,27
2013-09-26,486.000015,488.56002,483.899994,486.219994,59305400,66.141537,-0.219979,0,2013,9,26
2013-09-25,489.199982,489.639992,481.429977,481.530006,79239300,65.503548,7.669976,1,2013,9,25
2013-09-24,494.880005,495.469978,487.819977,489.100006,91086100,66.533311,5.779999,1,2013,9,24
2013-09-23,496.100006,496.910011,482.599991,490.640015,190526700,66.742802,5.459991,1,2013,9,23
2013-09-20,477.999992,478.550018,465.999985,467.410004,174825700,63.582774,10.589988,1,2013,9,20
2013-09-19,470.700012,475.830009,469.249992,472.299995,101135300,64.24797,-1.599983,0,2013,9,19
2013-09-18,463.18,466.350006,460.659996,464.680008,114215500,63.211407,-1.500008,0,2013,9,18
2013-09-17,447.959999,459.710014,447.499989,455.320007,99845200,61.938147,-7.360008,0,2013,9,17
2013-09-16,460.999977,461.609978,447.220009,450.119995,135926700,61.230778,10.879982,1,2013,9,16
2013-09-13,469.339981,471.830025,464.699982,464.899986,74708900,63.241331,4.439995,1,2013,9,13
2013-09-12,468.500015,475.399986,466.010025,472.690018,101012800,64.301026,-4.190003,0,2013,9,12
2013-09-11,467.009995,473.689987,464.809998,467.709984,224674100,63.623581,-0.699989,0,2013,9,11
2013-09-10,506.199997,507.450012,489.500015,494.639999,185798900,67.286929,11.559998,1,2013,9,10
2013-09-09,505.000023,507.919983,503.479988,506.169983,85171800,68.855377,-1.16996,0,2013,9,9
2013-09-06,498.43998,499.379974,489.950012,498.220001,89881400,67.773924,0.219979,1,2013,9,6
2013-09-05,500.250008,500.679977,493.639977,495.269974,59091900,67.372625,4.980034,1,2013,9,5
2013-09-04,499.560005,502.240013,496.279984,498.690025,86258200,67.837862,0.86998,1,2013,9,4
2013-09-03,493.099991,500.599976,487.350006,488.579994,82982200,66.462573,4.519997,1,2013,9,3
2013-08-30,491.999992,492.949974,486.5,487.220016,68074300,66.277572,4.779976,1,2013,8,30
2013-08-29,491.650024,496.500015,491.130013,491.700012,59914400,66.886996,-0.049988,0,2013,8,29
2013-08-28,486.000015,495.800026,486.000015,490.899994,76902000,66.778168,-4.899979,0,2013,8,28